Dataset,Model,Temperature,Mode,Pass@k,Estimate,NumProblems,MinCompletions,MaxCompletions,TotalTime_s
mbpp-js,microsoft_phi_2,0.0,unconstrained,1,0.05037783375314862,397,1,1,
mbpp-js,microsoft_phi_2,0.0,syncode,1,0.38287153652392947,397,1,1,
mbpp-js,microsoft_phi_2,0.2,unconstrained,1,0.05289672544080604,397,1,1,
mbpp-js,microsoft_phi_2,0.2,syncode,1,0.3702770780856423,397,1,1,
mbpp-js,codellama_CodeLlama_7b_Instruct_hf,0.01,chopchop,1,0.3879093198992443,397,1,1,30039.4090
mbpp-js,codellama_CodeLlama_7b_Instruct_hf,0.01,syncode,1,0.4256926952141058,397,1,1,1970.0806
mbpp-js,codellama_CodeLlama_7b_Instruct_hf,0.01,unconstrained,1,0.0654911838790932,397,1,1,154.0152
mbpp-js,codellama_CodeLlama_7b_Instruct_hf,0.01,chopchop,1,0.3879093198992443,397,1,1,33320.0805
mbpp-js,codellama_CodeLlama_7b_Instruct_hf,0.01,chopchop-none,1,0.4256926952141058,397,1,1,33320.0805
